{"max": [-0.143489, 0.114, 0.213195], "centroid": [-0.18503312460233032, 0.04368257151643694, 0.18043005143160062], "id": "3b5838e660e2eee27f85a81aa54b70ae", "numVertices": 1886, "min": [-0.234489, -0.005, 0.154595]}
