{"max": [-0.838991, 0.229116, -0.261883], "centroid": [-0.9432051171171147, 0.021548624954954965, -0.768655954954957], "id": "1cc93f96ad5e16a85d3f270c1c35f1c7", "numVertices": 222, "min": [-1.04779, -0.1332, -1.06403]}
