{"max": [-4.76083, 4.97605, 16.3485], "centroid": [-8.027980004696682, 1.9653712771371714, 10.440673570925155], "id": "2c0b4e318766e01723cd81bf29b64a1", "numVertices": 17032, "min": [-11.8452, -0.947434, 1.73866]}
