{"max": [-1.00247, 3.9878, 11.0357], "centroid": [-5.373175651955842, 1.037907661496717, 4.309599104650702], "id": "3b56239e45828d2bb4521a835b1946c8", "numVertices": 3988, "min": [-10.0384, -0.0910774, -0.0446272]}
