{"max": [0.149904, 2.68203, 8.37318], "centroid": [-1.4006576801320176, 0.9329410036591217, 4.770238386138607], "id": "4cd861035c740db5a33f3afcb8763f26", "numVertices": 2121, "min": [-2.61421, -0.386087, 0.0]}
