{"max": [-0.514033, 0.246114, -1.30227], "centroid": [-0.6399430740740745, 0.03786659506172842, -1.7050422222222226], "id": "1ab3abb5c090d9b68e940c4e64a94e1e", "numVertices": 162, "min": [-0.776652, -0.123689, -2.03886]}
