{"max": [0.0, 0.918651, 0.9712], "centroid": [-0.7357143502337994, 0.5099996635938547, 0.3558051253173059], "id": "2fc6168fba3ef6953ada8db96f6d95a3", "numVertices": 1497, "min": [-1.2838, 0.0, 0.0]}
