{"max": [-44.9786, -25.9688, -88.2297], "centroid": [-45.04595072928818, -26.00723153442263, -88.25884200700146], "id": "3d18881b51009a7a8ff43d2d38ae15e1", "numVertices": 3428, "min": [-45.1105, -26.0645, -88.3157]}
