{"max": [0.159691, 0.287772, 0.0374963], "centroid": [0.05209166516566625, 0.17764278185474217, -0.1795495679478392], "id": "3d81cebaa1226e9329fdbaf17f41d872", "numVertices": 1666, "min": [-0.0592742, 0.00631186, -0.377184]}
